{
  "upd": 1,
  "updates": 1,
  "tier": "lite",
  "lr": 0.0003,
  "games": 48,
  "transitions": 10898,
  "policy_loss": 0.10145665146410465,
  "value_loss": 0.0447122228021423,
  "entropy": -0.00443814826818804,
  "wall_s": 13.565138101577759
}